entidad_nombre;ambito_nombre;subcategoria_nombre;recurso_programa;descripcion;objetivo;destinatarios;periodo_inicio;periodo_fin;entidad_gestora_nombre;financiacion_nombre;servicio_nombre;activo;contacto_nombre1;contacto_email1;contacto_tel1
CEPER Dionisio Montero;Empleo y Desarrollo;Formación reglada;Formación Básica, Tutoría y Apoyo al Estudio (TAE);Preparación básica Nivel 1 y 2;Impartir clases para la adquisición de nivel básico educativo;Personas mayores de 18 años.;;;CEPER Dionisio Montero;Consejería de educación.;;1;;11500468.edu@juntadeandalucia.es;
CEPER Dionisio Montero;Empleo y Desarrollo;Formación reglada;Educación Secundaria Obligatoria para Personas Adultas;Clases para la obtención de la educación secundaria obligatoria;Impartir clases orientadas a obtener la ESO.;Personas mayores de 18 años.;;;CEPER Dionisio Montero;Consejería de educación.;;1;;11500468.edu@juntadeandalucia.es;
CEPER Dionisio Montero;Empleo y Desarrollo;Formación reglada;Pruebas de Acceso para la Universidad de Mayores de 25 años;Preparación para el acceso a la universidad.;Impartir clases para la preparación de la prueba de acceso a la universidad para mayores de 25 años.;Personas mayores de 25 años o que los cumplan en el año natural de la prueba.;;;CEPER Dionisio Montero;Consejería de educación.;;1;;11500468.edu@juntadeandalucia.es;
CEPER Dionisio Montero;Empleo y Desarrollo;Formación reglada;Preparación de Pruebas para obtención Título de Técnico de Ciclos Formativos de FP;Preparación de pruebas en el ámbito de cuidados auxiliares de enfermería y en el de cocina y gastronomía.;"Dotar a las personas participantes de los conocimientos para la preparación de las pruebas para la obtención de las titulaciones
señaladas (Pendiente de aprobación por parte de la administración)";Personas mayores de 25 años o que los cumplan en el año natural de la prueba.;;;CEPER Dionisio Montero;Consejería de educación.;;1;;11500468.edu@juntadeandalucia.es;
IES Poeta García Gutiérrez;Empleo y Desarrollo;Formación reglada;Educación Secundaria Obligatoria para Personas Adultas;Obtención de Titulación de Educación Secundaria obligatoria;;;;;IES Poeta García Gutierrez;Consejería de educación.;;1;;edu@juntadeandalucia.es;
IES Poeta García Gutiérrez;Empleo y Desarrollo;Formación reglada;Bachiller para Personas Adultas;Obtención de Titulación bachiller.;;;;;IES Poeta García Gutierrez;Consejería de educación.;;1;;edu@juntadeandalucia.es;
Escuela Oficial de Idiomas;Empleo y Desarrollo;Formación reglada;Cursos Oficiales de Idiomas;"Cursos oficiales de idiomas Inglés: A1-C2, Francés: A1-C1,
Alemán: A1-C1, Español para extranjeros: A1-B2
Las titulaciones son:
-Nivel Básico A2, dos cursos (A1 y A2)
-Nivel Intermedio B1, un curso
-Nivel Intermedio B2, dos cursos (B 1 y B 2)
-Nivel Avanzado C1, dos cursos (C1.1 y C1.2)
-Nivel Avanzado (C2), un curso.
  DESTINATARIOS/AS: personas a partir de 14 años";Obtención de titulaciones oficiales de inglés, alemán y francés.;;;;EOI Chiclana;Consejería de desarrollo educativo y Formación profesional;;1;;11700408.edu@juntadeandalucia.es;
Escuela Oficial de Idiomas;Empleo y Desarrollo;Formación reglada;Cursos Oficiales de Idiomas Cuatrimestrales;"primer cuatrimestre:
- Alemán para hostelería y turismo (a2)                                                                                                                                                                                                     - Ingles practicas de la expresión oral b2
- Ingles practica de la expresión oral c1
segundo cuatrimestre:
- Alemán para la hostelería y el turismo (a1)
- ingles preparación a la prueba de certificación b2
- ingles preparación a la prueba de certificación c1
  DESTINATARIOS/AS: personas a partir de 14 años";cursos a realizar en ingles y en aleman . al finalizar el curso se emite un certificado de asistencia/aprovechamiento pero no un titulo.;;;;EOI Chiclana;Consejería de desarrollo educativo y Formación profesional;;1;;11700408.edu@juntadeandalucia.es;
I.E.S que imparten Formación Profesional;Empleo y Desarrollo;Formación reglada;Ciclos Formativos de Grado Básico;;;;;;;;;1;;;
I.E.S que imparten Formación Profesional;Empleo y Desarrollo;Formación reglada;Ciclos Formativos de Grado Medio;;;;;;;;;1;;;
I.E.S que imparten Formación Profesional;Empleo y Desarrollo;Formación reglada;Ciclos Formativos de Grado Básico Específico para Personas con Necesidades Especiales;;;;;;;;;1;;;
I.E.S que imparten Formación Profesional;Empleo y Desarrollo;Formación reglada;Ciclos Formativos de Grado Superior;;;;;;;;;1;;;
I.E.S que imparten Formación Profesional;Empleo y Desarrollo;Formación reglada;Curso de Especialización de Formación Profesional;;;;;;;;;1;;;
CEPER Dionisio Montero;Empleo y Desarrollo;Formación no reglada;Uso Básico de Idiomas;;;;;;;;;1;;;
CEPER Dionisio Montero;Empleo y Desarrollo;Formación no reglada;Uso Básico de las TICs (Alfabetización) e Informática para la vida cotidiana;;;;;;;;;1;;;
Asociación Arrabal-AID;Empleo y Desarrollo;Formación no reglada;E2O. Red escuela de segunda oportunidad.;;;;;;;;;1;;;
CEPER Dionisio Montero;Empleo y Desarrollo;Formación no reglada;Cultura Emprendedora;;;;;;;;;1;;;
Delegación de la Mujer;Empleo y Desarrollo;Formación no reglada;Alfabetización Digital (para aumentar las competencias digitales de mujeres en desempleo);"Formaciones en competencias digitales: """"taller Canva"""", """"Yo puedo"""", """"empleabilidad en un click"""", """"empodérate para el éxito"""" y """"todo con mi móvil"""".";Aumentar las competencias digitales de las mujeres para facilitarles el acceso y permanencia en el ámbito laboral así como minimizar la brecha digital.;Mujeres en situación de desempleo.;;;Delegación de Mujer de Chiclana.;Ayuntamiento de Chiclana.;;1;;mujer@chiclana.es;
J.A - C. de empleo, empresa y trabajo autónomo;Empleo y Desarrollo;Formación no reglada;"""Preparadas"" Formación Digital para Mujeres Desempleadas";Cursos presenciales de 40 horas de duración que podrás realizar de manera individual o agrupados en itinerarios formativos. En tu municipio, sin desplazamientos y totalmente gratuitos. Existen dos líneas de formación: una de empleabilidad y otra de emprendimiento.;Impulsar la carrera profesional (empleabilidad) o formar para el autoempleo.;Mujeres desempleadas.;;;J.A - C. de empleo, empresa y trabajo autónomo.;Consejería de Empleo , Empresa y Trabajo Autónomo (Juntade Andalucía ) y Fondo social europeo.;;1;;preparadas.sandetel@juntadeandalucia.es;
Servicio Andaluz de Empleo (SAE);Empleo y Desarrollo;Orientación e Intermediación;Servicios de Información, Inscripción y Clasificación de la Demanda de Empleo;Información sobre servicios y programas de empleo, y atención para la inscripción y clasificación de la demanda.;Atender a la ciudadanía desempleada u ocupada para información. Inscribir, modificar, actualizar y renovar la demanda de empleo.;Personas desempleadas u ocupadas.;;;SAE.;Junta de Andalucía.;;1;;chiclanadelafrontera.sae@juntadeandalucia.es;
Servicio Andaluz de Empleo (SAE);Empleo y Desarrollo;Orientación e Intermediación;Puente Hacia el Empleo;;Talleres sobre información de salidas profesionales para el acceso al mercado laboral.;Institutos de Educación Secundaria (IES).;;;SAE.;Junta de Andalucía-Consejería de Empleo Empresa y Trabajo Autónomo.;;1;;chiclanadelafrontera.sae@juntadeandalucia.es;
Servicio Andaluz de Empleo (SAE);Empleo y Desarrollo;Orientación e Intermediación;Red EURES;Información y asesoramiento sobre ofertas de empleo de otros países de Europa.;Consultar ofertas disponibles en la Red EURES, ofertas destacadas y procesos de selección.;Personas demandantes de empleo.;;;SAE.;Junta de Andalucía-Consejería de Empleo Empresa y Trabajo Autónomo.;;1;;chiclanadelafrontera.sae@juntadeandalucia.es;
Servicio Andaluz de Empleo (SAE);Empleo y Desarrollo;Orientación e Intermediación;Orientación Profesional;Servicio público de orientación profesional y de atención a personas activas en la búsqueda de empleo.;Gestionar itinerarios personalizados, apoyar en programas del SAE, acompañar de forma intensiva, asesorar en currículo y técnicas de búsqueda (incluyendo TICs), e informar sobre movilidad a través de EURES.;Personas desempleadas u ocupadas.;;;SAE.;Junta de Andalucía.;;1;;chiclanadelafrontera.sae@juntadeandalucia.es;
Asociación Arrabal-AID;Empleo y Desarrollo;Orientación e Intermediación;Punto de formación Incorpora;;;;;;;;;1;;;
EMSISA;Empleo y Desarrollo;Orientación e Intermediación;Demanda de personas en búsqueda de empleo especializadas en el sector sociosanitario;;;;;;;;;1;;;
Red Araña.;Empleo y Desarrollo;Orientación e Intermediación;Proyectos Integrales;Promover actuaciones que permitan la inserción sociolaboral de las personas desempleadas con atención a colectivos vulnerables (jóvenes, mujeres, drogodependientes, minorías étnicas, inmigrantes, ex reclusos…).;Orientación, formación y acompañamiento de personas interesadas en el empleo.;Colectivos vulnerables desempleados.;2023-12-26;2025-06-25;Red Araña.;FSE;;1;;soyemprendedorcadiz@gmail.com;
Red Araña;Empleo y Desarrollo;Orientación e Intermediación;Talento Emprendedor Andalucía;;;;;;;;;1;;;
Delegación de Fomento Económico;Empleo y Desarrollo;Orientación e Intermediación;Proyectos Integrales para la Inserción Laboral;Compuesto por acciones de atención (orientación laboral y formación) y acciones de inserción (orientación para el empleo y prospección en el mercado de trabajo). Ejecución en un plazo máximo de 18 meses.;Ejecución y gestión de Proyectos Integrales para la Inserción Laboral a personas pertenecientes a colectivos vulnerables. Al menos el 40% deben lograr su inserción laboral.;Colectivos vulnerables.;;;Delegación de Fomento Económico.;Ayuntamiento de Chiclana de la Frontera.;;1;;fomento@chiclana.es;
Centro Andaluz de Emprendimiento (CADE);Empleo y Desarrollo;Apoyo al Autoempleo y Tejido Empresarial;Emprendimiento (Asesoramiento, diseño de planes de empresa, constitución, alojamiento);Servicio de atención y asesoramiento a personas emprendedoras (diseño de planes de empresa, asistencia en constitución, consultoría avanzada, etc.). Incluye alojamiento empresarial y mentorización.;Fomentar y orientar la iniciativa emprendedora. Acompañar en la creación, toma de decisiones y consolidación empresarial.;Personas emprendedoras y empresas de cualquier sector.;;;Centros Andaluces De Emprendimiento- CADE.;Consejería de Universidad Investigacion e Innovacion Junta de Andalucía.;;1;;cade.chiclanadelafrontera@andaluciaemprende.es;
Centro Andaluz de Emprendimiento (CADE);Empleo y Desarrollo;Apoyo al Autoempleo y Tejido Empresarial;Plan de Acción de la Estrategia Integral de Emprendimiento Educativo;"Herramientas de emprendimiento educativo 2024-2025: Kit de Emprendimiento, Escape Room, Hackathones, Aulas de Emprendimiento, Prácticas Formativas, etc.  
  DESTINATARIOS/AS: Colegios de Educación Infantil y Primaria (CEIP), Institutos de Educación Secundaria (IES).";;;;;Centro Andaluz de Emprendimiento (CADE).;Consejería de Universidad, Investigación e Innovación-Andalucía Emprende Fundación Pública Andaluza.;;1;cade.chiclanadelafrontera@andalucíaemprende.es;;
Red Araña;Empleo y Desarrollo;Apoyo al Autoempleo y Tejido Empresarial;Empleándote (Kit de Emprendimiento, Hackathones, etc.);Promover actuaciones que permitan la inserción sociolaboral de personas desempleadas con atención a colectivos vulnerables (jóvenes, mujeres, drogodependientes, minorías étnicas, inmigrantes, ex reclusos…).;Orientación y formación de personas interesadas en el empleo.;Colectivos vulnerables y desempleados.;2024-08-30;2025-03-15;RED ARAÑA.;INCYDE.;;1;;soyemprendedorcadiz@gmail.com;
Asociación de empresarios de Chiclana;Empleo y Desarrollo;Apoyo al Autoempleo y Tejido Empresarial;Información y Orientación a Empresas de Chiclana;La Asociación engloba a todos los sectores. Ofrece: Información sobre ayudas, cursos, asesoramiento genérico, apoyo a normas ISO, acompañamiento a reuniones con la administración y defensa de intereses.;Defender los intereses de los asociados, favoreciendo el fomento de la actividad económica y apostando por servicios que faciliten su trabajo diario.;Empresas de Chiclana (asociados).;;;Asociación de Empresarios de Chiclana.;;;1;;info@eachiclana.org;
Asociación de hosteleros;Empleo y Desarrollo;Apoyo al Autoempleo y Tejido Empresarial;Información y Orientación a Empresas de la Hostelería;;;;;;;;;1;;;
Delegación de Fomento Económico;Empleo y Desarrollo;Apoyo al Autoempleo y Tejido Empresarial;Convocatoria de subvención a la contratación (Creación y fomento del empleo);Subvenciones a la microempresa, pequeña y mediana empresa y autónomos, mediante la financiación parcial del coste de la contratación de nuevos trabajadores.;Fomentar la contratación.;Personas empadronadas en Chiclana y desempleadas inscritas en el SAE durante un mínimo de seis meses ininterrumpidos.;;;Delegación de Fomento Económico.;Ayuntamiento de Chiclana de la Frontera.;;1;;fomento@chiclana.es;
Consejería de Agricultura, pesca, agua y desarrollo rural;Empleo y Desarrollo;Apoyo al Autoempleo y Tejido Empresarial;Estrategia de Desarrollo Local Leader 2023-2027 del Litoral de la Janda y Los Alcornocales;Convocatoria de ayudas para proyectos de carácter productivo y proyectos de carácter no productivo.;Impulsar el desarrollo económico, social y ambiental del territorio poniendo en valor sus recursos, el patrimonio rural y natural y el capital humano.;Administraciones públicas, colectivos sociales, pymes y personas emprendedoras.;;;Consejería de Agricultura, Pesca, Agua y Desarrollo Rural.;Fondo Europeo Agrícola de Desarrollo Rural (FEADER).;;1;;infogdr@jandalcornocales.org;
Cruz Roja Española;Empleo y Desarrollo;Colectivos Específicos (Mujer);Puentes por la Igualdad en el Empleo Plus;Elaboración de itinerarios integrales de acceso al empleo.;Orientar, capacitar, ofrecer prácticas formativas no laborales, acciones de intermediación laboral y conseguir alianzas con empresas.;Mujeres con vulnerabilidad agravada por el género y con trayectorias de vida marcadas por la precariedad y la ausencia de derechos.;;;Cruz Roja Española - CRE.;Fondo Social Europeo - FSE.;;1;;chiclana@cruzroja.es;
Asociación Arrabal-AID;Empleo y Desarrollo;Colectivos Específicos (Mujer);Más infancia;Servicio de apoyo a menores y a sus familias que se encuentran en situación de vulnerabilidad social;Mejorar la calidad de vida, y la situación psicosocial de menores en situación de vulnerabilidad y de sus familias.;Menores de edad y familiares expuestos a la exclusión y vulnerabilidad social.;;;ARRABAL.;FUNDACIÓN LA CAIXA;;1;;chiclana@arrabalempleo.org;
Delegación de la mujer de Chiclana;Empleo y Desarrollo;Colectivos Específicos (Mujer);Formación Mejora Empleabilidad;Impartir cursos y talleres de capacitación laboral.;Capacitar a mujeres en el ámbito laboral.;Mujeres desempleadas.;;;Delegación de la mujer de Chiclana.;Ayuntamiento de Chiclana.;;1;;mujer@chiclana.es;
Delegación de la mujer de Chiclana;Empleo y Desarrollo;Colectivos Específicos (Mujer);Orientación Laboral;Orientación laboral y acompañamiento en la búsqueda activa de empleo.;Orientar a mujeres en la búsqueda de empleo.;Mujeres en situación de desempleo.;;;Delegación de la mujer de Chiclana.;Ayuntamiento de Chiclana.;;1;;mujer@chiclana.es;
Cruz Roja Española;Empleo y Desarrollo;Colectivos Específicos (Jóvenes);Aceleradores GO de Empleo Juvenil;Oferta formativa de capacitación profesional para personas jóvenes y orientación laboral.;Orientación laboral y capacitación profesional.;Personas jóvenes inscritos en garantía juvenil.;;;Cruz Roja Española - CRE.;Fondo Social Europeo - FSE.;;1;;chiclana@cruzroja.es;
Asociación Arrabal-AID;Empleo y Desarrollo;Colectivos Específicos (Jóvenes);Youth Business Spain (YBS);Acompañamiento a personas jóvenes emprendedoras.;Facilitar a las personas jóvenes el apoyo para poner en marcha y hacer crecer sus negocios ayudándolos a crear empleo.;Personas jóvenes con iniciativa emprendedora.;;;ARRABAL.;Fundación YOUTH BUSINESS SPAIN.;;1;;chiclana@arrabalempleo.org;
Asociación de Familias Solidarias AFASODE;Empleo y Desarrollo;Colectivos Específicos (Jóvenes);Abriendo Puertas (Cualificación y formación para mejora de la empleabilidad e inserción);;;;;;;;;1;;;
Asociación de Familias Solidarias AFASODE;Empleo y Desarrollo;Colectivos Específicos (Jóvenes);Emancipa;;;;;;;;;1;;;
Asociación AMUCODICH;Empleo y Desarrollo;Colectivos Específicos (Diversidad funcional);Emplea 2;;;;;;;;;1;;;
Asociación Avalón;Empleo y Desarrollo;Colectivos Específicos (Diversidad funcional);"Taller ""Soy Capaz""";;;;;;;;;1;;;
La Rampa (Asoc. de personas con discapacidad física y orgánica);Empleo y Desarrollo;Colectivos Específicos (Diversidad funcional);Colaboración de Orientación Laboral por parte de FEGADI;;;;;;;;;1;;;
Asociación Arrabal-AID;Empleo y Desarrollo;Colectivos Específicos (Diversidad funcional);Experiencias Profesionales para el Empleo;;;;;;;;;1;;;
Asociación Arrabal-AID;Empleo y Desarrollo;Colectivos Específicos (Diversidad funcional);Incorpora;;;;;;;;;1;;;
Fundación Once;Empleo y Desarrollo;Colectivos Específicos (Diversidad funcional);Andalucía Orienta Colectivos Específicos;;;;;;;;;1;;;
Fundación Once;Empleo y Desarrollo;Colectivos Específicos (Diversidad funcional);Proyecto Pisadas de Dignidad;;;;;;;;;1;;;
Fundación Once;Empleo y Desarrollo;Colectivos Específicos (Diversidad funcional);Proyecto Mujeres en Modo ON;;;;;;;;;1;;;
Fundación Once;Empleo y Desarrollo;Colectivos Específicos (Diversidad funcional);Programa Portalento;;;;;;;;;1;;;
Asodawn;Empleo y Desarrollo;Colectivos Específicos (Diversidad funcional);Programa de Transición a la Vida Adulta;;;;;;;;;1;;;
Asodawn;Empleo y Desarrollo;Colectivos Específicos (Diversidad funcional);Programa de ILA;;;;;;;;;1;;;
Asociación Arrabal-AID;Empleo y Desarrollo;Colectivos Específicos (Riesgo de exclusión);Proyectos Integrales Jóvenes para la Inserción;;;;;;;;;1;;;
Asociación Arrabal-AID;Empleo y Desarrollo;Colectivos Específicos (Riesgo de exclusión);Priama: Programa de intervención para agresores en medidas alternativas;;;;;;;;;1;;;
Asociación Arrabal-AID;Empleo y Desarrollo;Colectivos Específicos (Riesgo de exclusión);Rumbo al Cambio;;;;;;;;;1;;;
Asociación Arrabal-AID;Empleo y Desarrollo;Colectivos Específicos (Riesgo de exclusión);Más Empleo (Itinerarios de inserción sociolaboral);;;;;;;;;1;;;
Asociación Arrabal-AID;Empleo y Desarrollo;Colectivos Específicos (Riesgo de exclusión);Andalucía Orienta;;;;;;;;;1;;;
Cáritas Diocesana de Cádiz;Empleo y Desarrollo;Colectivos Específicos (Riesgo de exclusión);Programa de Empleo (Orientación y capacitación para la búsqueda activa de empleo);Orientación y capacitación para la búsqueda activa de empleo.;Capacitar a personas con dificultades para acceder al mercado laboral.;Personas en situación de exclusión o vulnerabilidad social.;;;Cáritas Diocesana de Cádiz.;Propia de Cáritas.;;1;;chiclana@caritascadiz.es;
IEDT Diputación de Cádiz;Empleo y Desarrollo;Colectivos Específicos (Riesgo de exclusión);Unidad Andalucía Orienta REX (Orientación laboral especializada);Orientación laboral especializada.;Mejorar la empleabilidad de las personas con mayor dificultad para acceder al mercado laboral.;Personas en riesgo de exclusión social.;;;IEDT Diputación de Cádiz.;Fondo Social Europeo - FSE.;;1;;iedt.chiclana.orienta@gmail.com;
Delegación de Servicios Sociales;Inclusión Socio-Familiar;Familias;A tu lado (Acompañamiento emocional a familias de menores víctimas de violencia sexual);;;;;;;;;1;;;
Delegación de Servicios Sociales;Inclusión Socio-Familiar;Familias;Entre Dos Lunas (Intervención psicosocial a padres/madres en separación/divorcio);;;;;;;;;1;;;
Delegación de Servicios Sociales;Inclusión Socio-Familiar;Familias;Mesa Local de Trabajo con Menores en Situación de Riesgo Social;;;;;;;;;1;;;
Delegación de Servicios Sociales;Inclusión Socio-Familiar;Familias;El Ayuntamiento con las Familias;;;;;;;;;1;;;
Delegación de Servicios Sociales;Inclusión Socio-Familiar;Familias;SIVOA (Servicio de Información, Valoración, Orientación y Asesoramiento);;;;;;;;;1;;;
Delegación de Servicios Sociales;Inclusión Socio-Familiar;Familias;SAD (Servicio de Ayuda a Domicilio - preventivas, asistenciales y rehabilitadoras);;;;;;;;;1;;;
Delegación de la Mujer;Inclusión Socio-Familiar;Familias;Familias Coeducadoras (Talleres para promover una educación en igualdad);;;;;;;;;1;;;
Delegación de Salud y Bienestar animal;Inclusión Socio-Familiar;Familias;"Escuela de Familia (Difusión de programas ""Creciendo en Salud"" y ""Forma Joven"")";;;;;;;;;1;;;
Delegación de Educación;Inclusión Socio-Familiar;Familias;Formación a Familias (Espacio de encuentro entre familia y escuela);;;;;;;;;1;;;
Cruz Roja Española;Inclusión Socio-Familiar;Familias;Inclusión Sociofamiliar (Garantía de suministros básicos y ahorro energético);;;;;;;;;1;;;
Cáritas Diocesana de Cádiz;Inclusión Socio-Familiar;Familias;Programa de Familia;;;;;;;;;1;;;
Asoc. Familias Solidarias;Inclusión Socio-Familiar;Familias;Campaña de Difusión sobre el Acogimiento Familiar;;;;;;;;;1;;;
Delegación de Servicios Sociales;Inclusión Socio-Familiar;Infancia y Juventud;Programa de Intervención Psicológica Integral con Adolescentes;;;;;;;;;1;;;
Delegación de Servicios Sociales;Inclusión Socio-Familiar;Infancia y Juventud;Tren de las Terceras Oportunidades;;;;;;;;;1;;;
Delegación de Servicios Sociales;Inclusión Socio-Familiar;Infancia y Juventud;Proyecto ¿Y tu qué piensas?;;;;;;;;;1;;;
Delegación de Servicios Sociales;Inclusión Socio-Familiar;Infancia y Juventud;Children and Surf (Inclusión Social a través del Baloncesto);;;;;;;;;1;;;
Delegación de Mujer;Inclusión Socio-Familiar;Infancia y Juventud;Puntos de Información sobre Hábitos Saludables;;;;;;;;;1;;;
Delegación de Mujer;Inclusión Socio-Familiar;Infancia y Juventud;Red de Jóvenes por la Igualdad;;;;;;;;;1;;;
Delegación de Educación;Inclusión Socio-Familiar;Infancia y Juventud;Aula de Intervención Socioeducativa;;;;;;;;;1;;;
Delegación de Educación;Inclusión Socio-Familiar;Infancia y Juventud;Programa Reinserción Educativa;;;;;;;;;1;;;
Delegación de Consumo;Inclusión Socio-Familiar;Infancia y Juventud;Consumo Responsable;;;;;;;;;1;;;
Delegación de Consumo;Inclusión Socio-Familiar;Infancia y Juventud;Desayuno Saludable;;;;;;;;;1;;;
Asociación Arrabal-AID;Inclusión Socio-Familiar;Infancia y Juventud;Ocio Tecnosaludable;;;;;;;;;1;;;
;Inclusión Socio-Familiar;Infancia y Juventud;;;;;;;;;;1;;;
Asoc. Familias Solidarias;Inclusión Socio-Familiar;Infancia y Juventud;Proyecto Emprendiendo el Vuelo;;;;;;;;;1;;;
Asoc. Familias Solidarias;Inclusión Socio-Familiar;Infancia y Juventud;Proyecto Deconstruyendo;;;;;;;;;1;;;
Consejería de Salud;Inclusión Socio-Familiar;Infancia y Juventud;Programa Forma Joven;;;;;;;;;1;;;
Consejería de Salud;Inclusión Socio-Familiar;Infancia y Juventud;Programa Creciendo en Salud;;;;;;;;;1;;;
Consejería de Salud;Inclusión Socio-Familiar;Infancia y Juventud;Programa Salud Infantil y Adolescente (PSIA);;;;;;;;;1;;;
Cruz Roja;Inclusión Socio-Familiar;Infancia y Juventud;Promoción del Éxito Escolar;;;;;;;;;1;;;
Delegación de Juventud;Inclusión Socio-Familiar;Infancia y Juventud;Punto de Orientación y Asesoramiento (Incluye Orientación Académica);;;;;;;;;1;;;
Asoc. para la Inclusión Socioeducativa;Inclusión Socio-Familiar;Infancia y Juventud;Acompañamiento en Centros Educativos;;;;;;;;;1;;;
Asoc. para la Inclusión Socioeducativa;Inclusión Socio-Familiar;Infancia y Juventud;Taller de Juego;;;;;;;;;1;;;
Asoc. para la Inclusión Socioeducativa;Inclusión Socio-Familiar;Infancia y Juventud;Talleres de Verano;;;;;;;;;1;;;
Asoc. para la Inclusión Socioeducativa;Inclusión Socio-Familiar;Infancia y Juventud;Espacio de Encuentro;;;;;;;;;1;;;
Asoc. para la Inclusión Socioeducativa;Inclusión Socio-Familiar;Infancia y Juventud;Taller de Letras;;;;;;;;;1;;;
Asoc. para la Inclusión Socioeducativa;Inclusión Socio-Familiar;Infancia y Juventud;Acompañamiento Terapéutico;;;;;;;;;1;;;
Asoc. para la Inclusión Socioeducativa;Inclusión Socio-Familiar;Infancia y Juventud;Taller Inventar y Comer;;;;;;;;;1;;;
Asoc. para la Inclusión Socioeducativa;Inclusión Socio-Familiar;Infancia y Juventud;Apoyo a las Familias;;;;;;;;;1;;;
Asoc. Mujeres con discapacidad de Chiclana;Inclusión Socio-Familiar;Diversidad Funcional;Integra;;;;;;;;;1;;;
Asociación Arrabal-AID;Inclusión Socio-Familiar;Diversidad Funcional;Experiencia profesionales para el empleo (Prácticas EPES);;;;;;;;;1;;;
Asoc. Autismo Chiclana;Inclusión Socio-Familiar;Diversidad Funcional;Conectando Mundos: Apoyo Integral A Personas Con Autismo;Apoyo integral a personas con autismo.;Proporcionar herramientas educativas y apoyo a las familias con hijos/as con trastorno del espectro autista.;Niños/as con autismo y sus familias.;;;Asociación de Autismo de Chiclana - APNACHI.;Delegación de Servicios Sociales. Excmo. Ayto. de Chiclana de la Fra.;;1;;apnachi@hotmail.com;
Asoc. Ávalon;Inclusión Socio-Familiar;Diversidad Funcional;Taller de Verano;Programa lúdico-pedagógico que favorece el desarrollo de niños/as y personas jóvenes a través de actividades lúdicas en grupo. Incluye servicio de transporte y catering.;Mejorar las relaciones sociales, ofrecer alternativas de ocio en grupos de iguales y apoyar a la conciliación familiar.;Población menor a partir de 5 años, y jóvenes con discapacidad de Chiclana, San Fernando y Cádiz.;;;Asociación “Ávalon”.;Recursos propios y Excmo. Ayto. de Chiclana de la Fra.;;1;;asociacion.avalon@gmail.com;
Asoc. Ávalon;Inclusión Socio-Familiar;Diversidad Funcional;Taller de Teatro;;;;;;;;;1;;;
Asoc. Ávalon;Inclusión Socio-Familiar;Diversidad Funcional;Taller de Danza;;;;;;;;;1;;;
Asoc. La Rampa;Inclusión Socio-Familiar;Diversidad Funcional;Recursos de Mejora de la Salud para Personas Discapacitadas;;;;;;;;;1;;;
Asoc. La Rampa;Inclusión Socio-Familiar;Diversidad Funcional;Talleres sobre Salud;;;;;;;;;1;;;
EMSISA;Inclusión Socio-Familiar;Diversidad Funcional;Programa de Rehabilitación Municipal;Ayuda económica para rehabilitación de vivienda para personas con escasos recursos económicos.;Cubrir los gastos de materiales de las obras necesarias y/o urgentes de adaptación/reparación en la vivienda destinada a domicilio habitual.;Población con escasos recursos económicos que requieran adaptación/reparación de su vivienda.;;;Emsisa.;Emsisa.;;1;;info@emsisa.chiclana.es;
Asodawn;Inclusión Socio-Familiar;Diversidad Funcional;Talleres Ocupacionales;;;;;;;;;1;;;
Asodawn;Inclusión Socio-Familiar;Diversidad Funcional;Programa de Transición a la Vida Independiente;;;;;;;;;1;;;
Asodawn;Inclusión Socio-Familiar;Diversidad Funcional;Envejecimiento Activo con Síndrome de Dawn;;;;;;;;;1;;;
Asodawn;Inclusión Socio-Familiar;Diversidad Funcional;Taller de Arte;;;;;;;;;1;;;
Asodawn;Inclusión Socio-Familiar;Diversidad Funcional;Talleres de Expresión, Ocio y Tiempo Libre;;;;;;;;;1;;;
Asodawn;Inclusión Socio-Familiar;Diversidad Funcional;Atención Temprana;;;;;;;;;1;;;
Asodawn;Inclusión Socio-Familiar;Diversidad Funcional;Apoyo Escolar, Refuerzo Educativo y Logopeda;Acompañamiento especializado para fortalecer el aprendizaje y las habilidades comunicativas.;Ofrecer estrategias educativas personalizadas para su desarrollo integral.;Personas menores en edad escolar con Síndrome de Down y discapacidades intelectuales.;;;Asociación Down Chiclana “Asodown”.;Delegación de Servicios Sociales. Excmo. Ayto de Chiclana de la Frontera.;;1;;info@asodown.org;
Asodawn;Inclusión Socio-Familiar;Diversidad Funcional;Apoyo Psicológico;;;;;;;;;1;;;
Consejería de Salud;Inclusión Socio-Familiar;Adicciones;Plan Integral del Tabaquismo;;;;;;;;;1;;;
Asoc. Alcohólicos Rehabilitados;Inclusión Socio-Familiar;Adicciones;Atención Psicosocial a Enfermos/as Alcohólicos/as y sus Familiares;;;;;;;;;1;;;
Servicio Provincial de Drogodependencias;Inclusión Socio-Familiar;Adicciones;Servicio Provincial de Drogodependencias;;;;;;;;;1;;;
Delegación de Sanidad y Bienestar Animal;Inclusión Socio-Familiar;Adicciones;Proyecto Chiclana Saludable entre todos/as (Prevención y fomento de hábitos saludables);;;;;;;;;1;;;
Consejería de Salud y Consumo;Inclusión Socio-Familiar;Salud;Grupo Socioeducativo para Habilidades Sociales (GRUSE);;;;;;;;;1;;;
Consejería de Salud y Consumo;Inclusión Socio-Familiar;Salud;Programa de Acompañamiento en el proceso de Eutanasia;Acompañamiento a personas con enfermedad terminal.;Paliar el momento del tránsito a personas con enfermedades terminales y sus familiares.;Personas en proceso de enfermedad terminal.;;;Unidades de Gestión Clínica (U.G.C.) U.G.C.“Los Gallos” y U.G.C. “El Lugar”.;Consejería de Salud y Consumo de la Junta de Andalucía.;;1;Derivaciones a través de medicina general;;
Asoc. Contra el Cáncer;Inclusión Socio-Familiar;Salud;Atención a Pacientes Oncológicos;;;;;;;;;1;;;
Asoc. Contra el Cáncer;Inclusión Socio-Familiar;Salud;Campañas de Prevención/Información;;;;;;;;;1;;;
Asociación de Daño Cerebral Adquirido de Cádiz ADACCA;Inclusión Socio-Familiar;Salud;Residencia Gravemente Afectados ADACCA Los Gallos (17 plazas para DCA);;;;;;;;;1;;;
Asociación de Daño Cerebral Adquirido de Cádiz ADACCA;Inclusión Socio-Familiar;Salud;Programa de Apoyo a la Autonomía Personal y Educativa de niñas y niños afectados por DCA;;;;;;;;;1;;;
Cruz Roja Española;Inclusión Socio-Familiar;Personas Mayores;Proyecto “VIDA: Generando Vínculos de Apoyo” (Promoción de la autonomía);Promocionar la autonomía de personas mayores a través de acciones de apoyo centradas en la persona, que posibiliten la permanencia en el domicilio.;Mejorar la calidad de vida de las personas mayores.;Personas mayores de 65 años y mujeres en vulnerabilidad social.;;;Cruz Roja Española.;Subvención I.R.P.F..;;1;;chiclana@cruzroja.es;
Asociación de Familiares de enfermos de Alzheimer La Aurora;Inclusión Socio-Familiar;Personas Mayores;Atención Integral a Personas con Alzheimer y sus Familias;Atención multidisciplinar a personas que padecen Alzheimer y sus familias.;Mejorar la calidad de vida de las personas afectadas.;Personas mayores con Alzheimer y otras demencias usuarias del centro y sus familiares.;;;Asociación de Familiares de enfermos de Alzheimer La Aurora.;Delegación de Servicios Sociales (Ayto. de Chiclana).;;1;;afaauror@hotmail.com;
Asociación Pro-Derechos Humanos- APDHA;Inclusión Socio-Familiar;Personas Inmigrantes/Emigrantes;Clases de Español (Incluye preparación para la obtención de la nacionalidad);;;;;;;;;1;;;
Asociación Gaditana de Emigrantes Retornados AGADER;Inclusión Socio-Familiar;Personas Inmigrantes/Emigrantes;Información y Orientación para Trabajadores/as en el Extranjero;;;;;;;;;1;;;
Cáritas Diocesana de Cádiz;Inclusión Socio-Familiar;Personas sin hogar;Programa de Personas Sin Hogar (Acompañamiento y cobertura de necesidades básicas);;;;;;;;;1;;;
Seguridad Ciudadana;Mejora del Hábitat y la Convivencia;Seguridad Ciudadana, Movilidad y Transporte;Policía Local de Chiclana (Urgencias: 092 / 112);;;;;;;;;1;;;
Seguridad Ciudadana;Mejora del Hábitat y la Convivencia;Seguridad Ciudadana, Movilidad y Transporte;Protección Civil;;;;;;;;;1;;;
Seguridad Ciudadana;Mejora del Hábitat y la Convivencia;Seguridad Ciudadana, Movilidad y Transporte;Guardia Civil;;;;;;;;;1;;;
Seguridad Ciudadana;Mejora del Hábitat y la Convivencia;Seguridad Ciudadana, Movilidad y Transporte;Policía Nacional (Oficina de tramitación DNI);;;;;;;;;1;;;
Transporte Público;Mejora del Hábitat y la Convivencia;Seguridad Ciudadana, Movilidad y Transporte;Autobús: Líneas Urbanas;;;;;;;;;1;;;
Transporte Público;Mejora del Hábitat y la Convivencia;Seguridad Ciudadana, Movilidad y Transporte;Autobús: Líneas Interurbanas;;;;;;;;;1;;;
Transporte Público;Mejora del Hábitat y la Convivencia;Seguridad Ciudadana, Movilidad y Transporte;Trambahía (Línea T1: Cádiz - San Fernando - Chiclana);;;;;;;;;1;;;
Transporte Público;Mejora del Hábitat y la Convivencia;Seguridad Ciudadana, Movilidad y Transporte;Taxi;;;;;;;;;1;;;
EMSISA;Mejora del Hábitat y la Convivencia;Vivienda;Registro Municipal Demandantes de Vivienda Protegida (RMDVP);;;;;;;;;1;;;
Delegación de Medio Ambiente;Mejora del Hábitat y la Convivencia;Medio Ambiente y Espacios Verdes;Información y Promoción Ambiental;;;;;;;;;1;;;
Delegación de Medio Ambiente;Mejora del Hábitat y la Convivencia;Medio Ambiente y Espacios Verdes;Proyectos Educativos y Participativos;;;;;;;;;1;;;
Delegación de Medio Ambiente;Mejora del Hábitat y la Convivencia;Medio Ambiente y Espacios Verdes;Programas de Limpieza y Control de Residuos;;;;;;;;;1;;;
Delegación de Medio Ambiente;Mejora del Hábitat y la Convivencia;Medio Ambiente y Espacios Verdes;Concienciación sobre la Recogida de Basura;;;;;;;;;1;;;
Delegación de Urbanismo;Mejora del Hábitat y la Convivencia;Urbanismo y Equipamientos;Información y Gestión de Trámites, Licencias;;;;;;;;;1;;;
Delegación de Vías y Obras;Mejora del Hábitat y la Convivencia;Urbanismo y Equipamientos;Información y Atención al Ciudadano;;;;;;;;;1;;;
Delegación de Cultura;Mejora del Hábitat y la Convivencia;Cultura y Deporte;Programación Cultural;;;;;;;;;1;;;
Delegación de Cultura;Mejora del Hábitat y la Convivencia;Cultura y Deporte;Bibliotecas;;;;;;;;;1;;;
Delegación de Deporte;Mejora del Hábitat y la Convivencia;Cultura y Deporte;Programa de Deporte en Edad Escolar;;;;;;;;;1;;;
Delegación de Deporte;Mejora del Hábitat y la Convivencia;Cultura y Deporte;Parque Municipal de Calistenia;;;;;;;;;1;;;
Delegación de Deporte;Mejora del Hábitat y la Convivencia;Cultura y Deporte;Escuelas Deportivas;;;;;;;;;1;;;
Delegación de Participación Ciudadana;Mejora del Hábitat y la Convivencia;Participación Ciudadana;Consejos Sectoriales;Órganos de participación, información, control y propuesta de la gestión municipal, desarrollando funciones de informe y propuesta en iniciativas municipales.;Canalizar la participación de los/as ciudadanos/as y sus asociaciones en los asuntos municipales.;Ciudadanía en general.;;;Delegación de participación ciudadana.;;;1;;;
Delegación de Participación Ciudadana;Mejora del Hábitat y la Convivencia;Participación Ciudadana;Información sobre Constitución de Asociaciones;;;;;;;;;1;;;
Asociación Arrabal-AID;Mejora del Hábitat y la Convivencia;Participación Ciudadana;Conecta Ciudadanía (Acompañamiento en trámites digitales);Acompañamiento a trámites digitales con la administración pública.;Facilitar la gestión de trámites digitales.;Población general.;;;Asociación Arrabal-AID.;Delegación de Servicios Sociales. Excmo. Ayuntamiento de Chiclana de la Frontera.;;1;;chiclana@arrabalempleo.org;
Asociación Arrabal-AID;Mejora del Hábitat y la Convivencia;Participación Ciudadana;“Punto Vuela Solagitas” (Acercamiento a nuevas tecnologías);Acercamiento a las nuevas tecnologías de la información y la comunicación.;Acercar y acompañar a las personas en la utilización de las nuevas tecnologías de la información y la comunicación.;Personas en riesgo de exclusión social en barriadas de transformación social. (Personas desempleadas, menores, jóvenes, personas migrantes);;;ARRABAL.;Junta de Andalucía.;;1;;chiclana@arrabalempleo.org;
Delegación de Turismo;Mejora del Hábitat y la Convivencia;Turismo;Información Turística (Fomento del turismo);;;;;;;;;1;;;
